code,time_key,open,close,high,low,pe_ratio,turnover_rate,volume,turnover,change_rate,last_close
SZ.002049,2021-01-04 00:00:00,97.5648845,100.9934765,102.886345,97.5648845,118.702,0.02687,22802049,2310161242.21,6.029245496003241,95.2505849
SZ.002049,2021-01-05 00:00:00,99.67204,102.9934885,106.10065,99.600611,121.046,0.02656,22533571,2337484947.84,1.9803378092445387,100.9934765
SZ.002049,2021-01-06 00:00:00,102.9363453,102.5006284,105.2363591,101.1077629,120.468,0.02073,17592295,1815405761.35,-0.4785352037085349,102.9934885
SZ.002049,2021-01-07 00:00:00,102.5077713,106.457795,108.1578052,101.457765,125.104,0.02748,23314727,2461862522.69,3.860626672997068,102.5006284
SZ.002049,2021-01-08 00:00:00,106.10065,100.2149004,107.4435152,99.5934681,117.79,0.02821,23933400,2466259246.11,-5.864196792728986,106.457795
SZ.002049,2021-01-11 00:00:00,102.5292,102.2649127,107.1577992,100.38633,120.192,0.02812,23857290,2489262570.58,2.04561626246948,100.2149004
SZ.002049,2021-01-12 00:00:00,103.100632,102.5292,105.8577914,101.0934771,120.502,0.02339,19846930,2057101083.44,0.25843399561226693,102.2649127
SZ.002049,2021-01-13 00:00:00,102.5434858,103.8649223,107.172085,102.2863414,122.066,0.02992,25388897,2668533783.85,1.3027725760076159,102.5292
SZ.002049,2021-01-14 00:00:00,101.386336,93.4434312,101.386336,93.4434312,109.857,0.04741,40221881,3866111554.16,-10.033696525472678,103.8649223
SZ.002049,2021-01-15 00:00:00,91.600563,90.9148446,94.1220067,88.8076891,106.895,0.03537,30008229,2743593020.13,-2.7060078675706967,93.4434312
SZ.002049,2021-01-18 00:00:00,90.9219875,94.172007,95.0362979,87.0862502,110.711,0.03365,28550618,2649699351.38,3.5826518918121746,90.9148446
SZ.002049,2021-01-19 00:00:00,93.314859,91.6791349,93.600575,90.600557,107.79,0.02317,19659844,1815080552.63,-2.647147681582277,94.172007
SZ.002049,2021-01-20 00:00:00,92.2362811,92.4862826,93.6577182,91.1362745,108.736,0.01716,14555517,1346486869.25,0.8804050135076064,91.6791349
SZ.002049,2021-01-21 00:00:00,92.52914,93.6077179,95.7791595,91.1434174,110.05,0.02801,23763446,2225285939.06,1.2125423019218655,92.4862826
SZ.002049,2021-01-22 00:00:00,93.814862,93.9291484,96.672022,92.4291394,110.426,0.02463,20900033,1976915070.84,0.3433803400093416,93.6077179
SZ.002049,2021-01-25 00:00:00,92.0791373,92.5862832,96.5077353,90.38627,108.853,0.02472,20971308,1988098656.82,-1.4296575907208007,93.9291484
SZ.002049,2021-01-26 00:00:00,92.5862832,92.8505705,94.9077257,89.7576948,109.163,0.02224,18866412,1752714808.34,0.2854497349559946,92.5862832
SZ.002049,2021-01-27 00:00:00,92.0505657,91.2077035,92.243424,86.7291052,107.238,0.02211,18760660,1691816149.22,-1.7693666190236383,92.8505705
SZ.002049,2021-01-28 00:00:00,90.029125,86.8933919,90.5648425,86.8505345,102.184,0.01465,12432614,1105608579.53,-4.730205272628092,91.2077035
SZ.002049,2021-01-29 00:00:00,87.0362499,86.0005294,90.029125,84.386234,101.138,0.01648,13979292,1228952366.32,-1.0275378604480423,86.8933919
SZ.002049,2021-02-01 00:00:00,85.529098,86.3362457,88.386258,85.38624,101.531,0.01176,9974392,867863463.88,0.39036538768097556,86.0005294
SZ.002049,2021-02-02 00:00:00,86.7291052,85.7790995,87.457681,84.457663,100.878,0.01437,12196297,1048244050.86,-0.6453213195486508,86.3362457
SZ.002049,2021-02-03 00:00:00,85.4076687,83.7219443,87.8362547,82.243364,98.468,0.02023,17168307,1458181107.68,-2.398200974352729,85.7790995
SZ.002049,2021-02-04 00:00:00,82.6076519,82.671938,84.529092,80.9219275,97.238,0.01812,15376199,1271792910.45,-1.2541590007006165,83.7219443
SZ.002049,2021-02-05 00:00:00,83.600515,79.0004874,83.7362301,78.95763,92.937,0.01636,13881789,1124550637.34,-4.440987702501905,82.671938
SZ.002049,2021-02-08 00:00:00,79.0219161,80.7004976,82.1933637,79.0219161,94.928,0.01285,10900085,883207831.61,2.15189836917387,79.0004874
SZ.002049,2021-02-09 00:00:00,81.1790719,82.8290818,84.2862334,80.1076369,97.422,0.01653,14025799,1159590951.22,2.637634541673497,80.7004976
SZ.002049,2021-02-10 00:00:00,82.886225,82.52908,83.3005132,81.3505015,97.071,0.01111,9422492,780282299.16,-0.3621938013563782,82.8290818
SZ.002049,2021-02-18 00:00:00,84.7505219,83.8290878,87.4505381,82.5862232,98.594,0.02298,19496615,1656815791.27,1.575211792013195,82.52908
SZ.002049,2021-02-19 00:00:00,82.5362229,78.9219155,83.1790839,75.814754,92.845,0.03217,27296285,2148070765.64,-5.8537822953621585,83.8290878
SZ.002049,2021-02-22 00:00:00,79.67192,78.5504847,82.8005102,78.4719128,92.41,0.01841,15623336,1264057497.76,-0.47063074641162106,78.9219155
SZ.002049,2021-02-23 00:00:00,76.9004748,78.671914,79.9362073,75.1576072,92.552,0.01793,15208971,1185133150.2,0.1545875884327963,78.5504847
SZ.002049,2021-02-24 00:00:00,78.671914,79.5004904,80.743355,77.886195,93.523,0.01822,15455631,1234951364.13,1.0532048324132586,78.671914
SZ.002049,2021-02-25 00:00:00,80.1433514,81.4219305,83.6505153,80.1433514,95.774,0.01978,16782266,1382016420.11,2.416890877442937,79.5004904
SZ.002049,2021-02-26 00:00:00,79.0504877,78.95763,81.1647861,77.6147648,92.887,0.01313,11141561,885579069.43,-3.02658078096049,81.4219305
SZ.002049,2021-03-01 00:00:00,79.67192,85.3576684,85.38624,79.2147744,100.384,0.0244,20705144,1725865688.23,8.105661732754644,78.95763
SZ.002049,2021-03-02 00:00:00,85.4005258,83.5433718,86.2648167,81.8219329,98.259,0.02313,19626220,1638432551.88,-2.125522678873913,85.3576684
SZ.002049,2021-03-03 00:00:00,82.52908,83.3790851,83.3790851,81.1576432,98.066,0.01397,11855473,981897265.32,-0.19664839527102404,83.5433718
SZ.002049,2021-03-04 00:00:00,83.24337,80.2790665,84.67195,79.6219197,94.435,0.01796,15241378,1253915204.51,-3.717981069571605,83.3790851
SZ.002049,2021-03-05 00:00:00,78.2647687,80.5862112,81.4219305,77.1647621,94.794,0.01128,9573838,766349786.59,0.382596252536139,80.2790665
SZ.002049,2021-03-08 00:00:00,80.7076405,74.100458,81.9147906,73.1575952,87.196,0.02331,19781539,1530027505.87,-8.048217062722502,80.5862112
SZ.002049,2021-03-09 00:00:00,73.24331,68.95757,74.4290314,68.8932839,81.171,0.02209,18742913,1339519541.7,-6.940426737983183,74.100458
SZ.002049,2021-03-10 00:00:00,70.9147246,69.3075721,71.5147282,68.9789987,81.581,0.01184,10043793,707156129.75,0.50756153385335,68.95757
SZ.002049,2021-03-11 00:00:00,69.5218591,72.4933055,72.7075925,69.2147144,85.313,0.01504,12758856,911372793.88,4.596515652580483,69.3075721
SZ.002049,2021-03-12 00:00:00,72.886165,71.9504451,74.529032,71.457585,84.677,0.01152,9774251,712709233.07,-0.7488421120485521,72.4933055
SZ.002049,2021-03-15 00:00:00,70.7361521,69.67186,72.1218747,68.9932845,82.008,0.01059,8982722,633216641.18,-3.1668811733313387,71.9504451
SZ.002049,2021-03-16 00:00:00,70.1575772,68.9647129,70.4718648,67.671848,81.179,0.00943,8001232,554120857.02,-1.0149680229579061,69.67186
SZ.002049,2021-03-17 00:00:00,68.9718558,71.8504445,73.6790269,68.2575658,84.56,0.01594,13520271,972631539.84,4.184359621977054,68.9647129
SZ.002049,2021-03-18 00:00:00,71.671872,72.0718744,72.6290206,71.1932977,84.82,0.00804,6819367,492972852.4,0.308181670330521,71.8504445
SZ.002049,2021-03-19 00:00:00,70.6504373,73.6147408,75.1433214,70.38615,86.627,0.01602,13595857,1003063032.4,2.1407330013884147,72.0718744
SZ.002049,2021-03-22 00:00:00,73.6147408,73.0147372,73.886171,71.9790167,85.924,0.00995,8441707,616790205.9,-0.8150590404578426,73.6147408
SZ.002049,2021-03-23 00:00:00,73.171881,72.2361611,74.1290296,71.957588,85.012,0.00753,6391576,467370336.81,-1.0663273331619896,73.0147372
SZ.002049,2021-03-24 00:00:00,71.6575862,71.1075829,73.600455,70.8290098,83.69,0.00765,6493652,468034262.38,-1.562345206077136,72.2361611
SZ.002049,2021-03-25 00:00:00,70.38615,73.100452,73.2004526,70.029005,86.025,0.00816,6922216,501810723.97,2.80261122474465,71.1075829
SZ.002049,2021-03-26 00:00:00,72.7290212,73.7075985,74.314745,72.386162,86.736,0.01043,8852006,654489646.76,0.8305646318028224,73.100452
SZ.002049,2021-03-29 00:00:00,73.9718858,76.743331,79.314775,73.9718858,90.292,0.01917,16262465,1259701722.31,4.11861539621318,73.7075985
SZ.002049,2021-03-30 00:00:00,76.81476,77.3290488,79.3647753,76.81476,90.979,0.01386,11758597,922436424.21,0.7632165458129484,76.743331
SZ.002049,2021-03-31 00:00:00,77.314763,76.0933271,77.3719062,75.5361809,89.531,0.00869,7371739,563892740.19,-1.598004526340429,77.3290488
SZ.002049,2021-04-01 00:00:00,76.600473,78.600485,79.67192,76.4504721,92.468,0.0143,12130687,959286581.9,3.2948459418855007,76.0933271
SZ.002049,2021-04-02 00:00:00,79.4290614,81.0719284,81.8576474,79.4290614,95.364,0.01727,14650615,1188265993.24,3.1443106235285927,78.600485
SZ.002049,2021-04-06 00:00:00,81.9933625,78.9219155,82.5219371,78.5433418,92.845,0.01368,11609455,924265321.46,-2.651981940520866,81.0719284
SZ.002049,2021-04-07 00:00:00,79.4147756,77.3933349,79.4147756,75.2290362,91.054,0.01602,13590372,1046867719.13,-1.936826533309367,78.9219155
SZ.002049,2021-04-08 00:00:00,76.457615,77.5861932,78.6576282,76.3719002,91.28,0.0081,6869507,536070062.05,0.24919238878798786,77.3933349
SZ.002049,2021-04-09 00:00:00,77.671908,77.7790515,80.0933511,77.1290476,91.506,0.00863,7319891,576352696.93,0.24857296388141065,77.5861932
SZ.002049,2021-04-12 00:00:00,76.9219035,72.100446,77.671908,71.2361551,84.853,0.01672,14186918,1049021775.24,-7.300944650887121,77.7790515
SZ.002049,2021-04-13 00:00:00,72.100446,73.0004514,74.4004598,72.100446,85.907,0.00849,7204149,530805045.83,1.2482660648174044,72.100446
SZ.002049,2021-04-14 00:00:00,73.3718822,72.4861626,74.4861746,72.2004466,85.305,0.01086,9217335,675930081.97,-0.704500849155027,73.0004514
SZ.002049,2021-04-15 00:00:00,71.8504445,74.1147438,75.171893,70.9932965,87.213,0.0198,16802585,1236715540.58,2.2467477123695874,72.4861626
SZ.002049,2021-04-16 00:00:00,74.7504619,75.3790371,76.8719032,74.3718882,88.694,0.0177,15019657,1142138475.3,1.7058593677551182,74.1147438
SZ.002049,2021-04-19 00:00:00,74.814748,76.3433286,76.7576168,74.814748,89.824,0.01509,12806746,977853206.84,1.279256855882551,75.3790371
SZ.002049,2021-04-20 00:00:00,76.81476,75.7076105,76.81476,75.5576096,89.079,0.01014,8601871,657297484.95,-0.8327094346787565,76.3433286
SZ.002049,2021-04-21 00:00:00,75.2361791,79.67192,79.8504925,74.386174,93.723,0.02113,17927016,1403521522.63,5.236342124415614,75.7076105
SZ.002049,2021-04-22 00:00:00,80.0647795,77.4361923,80.5504967,76.5433298,81.918,0.02534,21531648,1674958819.08,-2.8061677188148573,79.67192
SZ.002049,2021-04-23 00:00:00,76.9076177,76.4147576,77.2861914,75.7933253,80.842,0.01421,12068897,927636653.96,-1.3190662785210325,77.4361923
SZ.002049,2021-04-26 00:00:00,76.4504721,78.4719128,80.3004952,76.4433292,83.009,0.02062,17516014,1386580738.03,2.692091507727294,76.4147576
SZ.002049,2021-04-27 00:00:00,79.0504877,79.1147738,79.6576342,76.671902,83.686,0.01276,10840309,851044871.81,0.8192243276118998,78.4719128
SZ.002049,2021-04-28 00:00:00,79.1147738,80.0647795,80.3719242,78.0861962,84.687,0.01255,10664185,852304127.33,1.2007943072700862,79.1147738
SZ.002049,2021-04-29 00:00:00,79.9433502,80.5647825,82.2005066,79.4433472,85.214,0.01727,14670922,1191717948.04,0.624498066593697,80.0647795
SZ.002049,2021-04-30 00:00:00,82.52908,83.3219419,87.6791109,80.7076405,75.603,0.038,32282056,2720099013.97,3.4222886408214306,80.5647825
SZ.002049,2021-05-06 00:00:00,85.38624,87.3933949,88.1362565,84.314805,79.283,0.03029,25734581,2234000395.65,4.886411558778139,83.3219419
SZ.002049,2021-05-07 00:00:00,86.8933919,86.457675,90.3791271,85.8219569,78.437,0.02849,24199905,2144972498.66,-1.0706986507054772,87.3933949
SZ.002049,2021-05-10 00:00:00,85.3005252,83.24337,85.814814,82.2862214,75.532,0.0225,19112136,1606781429.9,-3.71777867031469,86.457675
SZ.002049,2021-05-11 00:00:00,83.1076549,86.2362451,87.3219659,81.4647879,78.237,0.02295,19500051,1653651959.61,3.595331496069905,83.24337
SZ.002049,2021-05-12 00:00:00,85.886243,87.5933961,87.9505411,85.029095,79.464,0.01638,13912904,1214498412.15,1.5737593843821032,86.2362451
SZ.002049,2021-05-13 00:00:00,86.0719584,84.67195,87.3219659,84.386234,76.823,0.0133,11298035,972555203.4,-3.335235565778013,87.5933961
SZ.002049,2021-05-14 00:00:00,85.529098,91.1362745,92.2505669,83.7148014,82.666,0.02816,23924516,2148924509.84,7.634552528907157,84.67195
SZ.002049,2021-05-17 00:00:00,91.5862772,90.3719842,94.9005828,90.1076969,81.975,0.02672,22696630,2103497598.81,-0.8386235932872141,91.1362745
SZ.002049,2021-05-18 00:00:00,90.3791271,90.7077005,93.0934291,89.6791229,82.278,0.01788,15191300,1391558405.76,0.3714827144406125,90.3719842
SZ.002049,2021-05-19 00:00:00,91.3434186,92.5005684,93.3220019,90.1434114,83.899,0.01827,15519149,1432893603.9,1.9765332933337942,90.7077005
SZ.002049,2021-05-20 00:00:00,91.6148488,90.7362721,92.3291388,89.5362649,82.304,0.01708,14508979,1323271518.88,-1.9073356310316598,92.5005684
SZ.002049,2021-05-21 00:00:00,90.7362721,90.7862724,92.0505657,89.7505519,82.349,0.0127,10789959,985122737.04,0.05510508514709827,90.7362721
SZ.002049,2021-05-24 00:00:00,90.911264,94.911288,95.125575,90.125545,85.99,0.02094,17787791,1672084936.93,4.543655655147261,90.7862724
SZ.002049,2021-05-25 00:00:00,94.7041439,96.2112958,96.5684408,93.696995,87.165,0.0189,16057444,1537056010.35,1.3697083111968757,94.911288
SZ.002049,2021-05-26 00:00:00,96.5041547,94.1398548,97.2613021,93.911282,85.293,0.01428,12127269,1159866505.94,-2.1530122661543105,96.2112958
SZ.002049,2021-05-27 00:00:00,94.1469977,95.982723,97.268445,93.8969962,86.959,0.0162,13764014,1319078503.05,1.9575855559955657,94.1398548
SZ.002049,2021-05-28 00:00:00,95.0041457,94.911288,97.3755885,94.6041433,85.99,0.01318,11198559,1072173741.36,-1.1162790203399355,95.982723
SZ.002049,2021-05-31 00:00:00,94.911288,99.1684564,100.2398914,94.76843,89.838,0.02146,18233528,1786753941.67,4.485418425677668,94.911288
SZ.002049,2021-06-01 00:00:00,98.33988,99.982747,102.8113354,98.125593,90.574,0.01737,14759940,1489418072.48,0.8211185588243226,99.1684564
SZ.002049,2021-06-02 00:00:00,100.697037,96.9113,101.0470391,96.19701,87.798,0.01673,14209185,1397538329.34,-3.0719770081932296,99.982747
SZ.002049,2021-06-03 00:00:00,97.982735,94.3112844,98.197022,94.05414,85.448,0.01558,13235091,1268569963.2,-2.6828817692054403,96.9113
SZ.002049,2021-06-04 00:00:00,94.05414,94.339856,95.768436,91.19698,85.474,0.01896,16111185,1511740478.36,0.030294996173323516,94.3112844
SZ.002049,2021-06-07 00:00:00,95.339862,98.4755951,99.76846,95.339862,89.212,0.0207,17584294,1730539901.01,4.383872602052741,94.339856
SZ.002049,2021-06-08 00:00:00,99.0398842,98.0327353,100.4684642,96.3112964,88.812,0.01602,13608558,1343255965.78,-0.44971528179168924,98.4755951
SZ.002049,2021-06-09 00:00:00,99.05417,102.482762,102.5399052,99.05417,92.834,0.02157,18325113,1859536806.27,4.539327283261059,98.0327353
SZ.002049,2021-06-10 00:00:00,101.1113252,101.4184699,101.8470439,99.8327461,91.872,0.01455,12360604,1250338020.75,-1.0385084078822824,102.482762
SZ.002049,2021-06-11 00:00:00,102.1327599,100.054176,102.1827602,97.6827332,90.639,0.01673,14209015,1415810418.19,-1.3452124660776479,101.4184699
SZ.002049,2021-06-15 00:00:00,99.5398872,100.3613207,100.6898941,96.5755837,90.916,0.01622,13781201,1364004230.46,0.3069783913866773,100.054176
SZ.002049,2021-06-16 00:00:00,101.411327,94.1327119,101.7756149,93.2184207,85.287,0.01838,15615385,1513336012.41,-6.206184570466688,100.3613207
SZ.002049,2021-06-17 00:00:00,94.1327119,100.197034,100.48275,94.0684258,90.768,0.02334,19830358,1948939425.72,6.442311049576803,94.1327119
SZ.002049,2021-06-18 00:00:00,101.2041829,101.2041829,103.7541982,99.911318,91.678,0.02172,18449141,1883496123.13,1.0051683765409705,100.197034
SZ.002049,2021-06-21 00:00:00,101.054182,105.982783,106.6827872,98.625596,95.997,0.02593,22030127,2295049586.16,4.721741693939403,101.2041829
SZ.002049,2021-06-22 00:00:00,105.839925,104.482774,106.8756455,103.8899133,94.641,0.01712,14546145,1534060626.81,-1.4153327149372852,105.982783
SZ.002049,2021-06-23 00:00:00,104.625632,106.6399298,108.697085,104.2327725,96.591,0.01855,15757509,1694847702.99,2.064604257157259,104.482774
SZ.002049,2021-06-24 00:00:00,106.0399262,105.268493,107.5185065,104.6827752,95.351,0.01267,10761835,1141026133.95,-1.2860443574673075,106.6399298
SZ.002049,2021-06-25 00:00:00,105.9684972,104.7113468,107.268505,102.3827614,94.848,0.01631,13855809,1449944366.14,-0.5292620651461262,105.268493
SZ.002049,2021-06-28 00:00:00,106.2042129,107.982795,108.33994,105.1542066,97.805,0.01697,14418147,1548506152.75,3.124253769983975,104.7113468
SZ.002049,2021-06-29 00:00:00,106.91136,106.6685014,107.7113648,104.3827734,96.617,0.01346,11434605,1215274083.6,-1.2171324144739903,107.982795
SZ.002049,2021-06-30 00:00:00,107.5399352,109.9042351,111.1971,106.19707,99.541,0.02028,17224879,1888758584.99,3.033448166545628,106.6685014
SZ.002049,2021-07-01 00:00:00,110.7542402,106.91136,111.8328181,106.91136,96.836,0.01552,13181207,1444586110.47,-2.723166306809584,109.9042351
SZ.002049,2021-07-02 00:00:00,105.6827812,104.76849,106.91136,103.33991,94.899,0.01534,13033496,1374776835.45,-2.0043426629312378,106.91136
SZ.002049,2021-07-05 00:00:00,105.48278,112.0256764,114.911408,105.2327785,101.459,0.02817,23931224,2677289270.03,6.926878873600254,104.76849
SZ.002049,2021-07-06 00:00:00,113.33997,110.3899523,116.482846,106.91136,99.98,0.02319,19700966,2196564795.07,-1.4601332056764,112.0256764
SZ.002049,2021-07-07 00:00:00,109.05423,121.4543044,121.4543044,108.33994,109.98,0.02843,24149717,2838537927.54,10.022970269912864,110.3899523
SZ.002049,2021-07-08 00:00:00,124.76861,122.0400222,124.76861,119.625722,110.51,0.02422,20573445,2502905217.53,0.4822536367842371,121.4543044
SZ.002049,2021-07-09 00:00:00,122.0400222,121.4328757,125.1757553,119.0471471,109.961,0.01959,16641489,2026814273.96,-0.4974978609926859,122.0400222
SZ.002049,2021-07-12 00:00:00,117.9971408,119.6614365,122.62574,115.4971258,108.36,0.03403,28910907,3449379854.26,-1.458780573043782,121.4328757
SZ.002049,2021-07-13 00:00:00,118.3471429,112.268535,119.411435,109.839949,101.678,0.03366,28598175,3240336168.96,-6.178182141411944,119.6614365
SZ.002049,2021-07-14 00:00:00,112.6185371,112.6756803,116.125701,112.054248,102.046,0.01753,14895290,1703663861.14,0.3626530799569054,112.268535
SZ.002049,2021-07-15 00:00:00,111.411387,114.1114032,115.2042669,109.911378,103.344,0.01744,14818882,1672084569.72,1.2742083262132315,112.6756803
SZ.002049,2021-07-16 00:00:00,112.62568,117.8185683,121.2471603,112.482822,106.694,0.02068,17568447,2084196063.94,3.248724488561891,114.1114032
SZ.002049,2021-07-19 00:00:00,117.6114242,115.4614113,124.76861,114.4899769,104.564,0.02024,17195502,2046367546.28,-2.0006668167941073,117.8185683
SZ.002049,2021-07-20 00:00:00,114.0399742,120.0400102,120.4971558,112.339964,108.702,0.01352,11483172,1356145442.88,3.965479763713925,115.4614113
SZ.002049,2021-07-21 00:00:00,119.7400084,122.982885,124.268607,118.625716,111.362,0.0157,13338327,1635446279.89,2.451578265527337,120.0400102
SZ.002049,2021-07-22 00:00:00,123.197172,124.1614635,126.0186175,120.48287,112.427,0.01112,9450568,1173053401.97,0.9583272501698106,122.982885
SZ.002049,2021-07-23 00:00:00,124.05432,121.9328787,124.554323,117.8899973,110.413,0.01494,12689035,1540785516.01,-1.7949086110764094,124.1614635
SZ.002049,2021-07-26 00:00:00,122.982885,128.7972056,132.697229,121.91145,116.617,0.02341,19884020,2556097471.58,5.629594718983706,121.9328787
SZ.002049,2021-07-27 00:00:00,130.6400738,126.5686208,139.8472719,125.3971852,114.602,0.03249,27601180,3698086373.62,-1.730305241964044,128.7972056
SZ.002049,2021-07-28 00:00:00,126.2114758,127.9472005,132.197226,116.91142,115.848,0.02315,19665153,2510045344.21,1.089195482487227,126.5686208
SZ.002049,2021-07-29 00:00:00,133.0900885,135.2615301,135.48296,128.4472035,122.459,0.02042,17344346,2312329748.13,5.716678107388519,127.9472005
SZ.002049,2021-07-30 00:00:00,135.48296,136.2472503,139.5401272,132.6186571,123.35,0.01763,14979689,2037290770.3,0.728751330308959,135.2615301
SZ.002049,2021-08-02 00:00:00,136.1901071,136.8972542,139.554413,132.3257982,123.938,0.01588,13487586,1841428935.2,0.4770767105895872,136.2472503
SZ.002049,2021-08-03 00:00:00,135.48296,127.6329129,135.48296,126.19719,115.564,0.01879,15963599,2084759242.8,-6.7673682384200795,136.8972542
SZ.002049,2021-08-04 00:00:00,127.268625,133.6043773,134.76867,127.268625,120.961,0.01474,12523102,1670734062.73,4.678624239093126,127.6329129
SZ.002049,2021-08-05 00:00:00,134.411525,141.91157,146.19731,132.268655,128.469,0.02267,19262579,2699699492.51,6.2177548878856985,133.6043773
SZ.002049,2021-08-06 00:00:00,143.697295,139.5472701,145.4044481,135.8686766,126.333,0.01683,14295524,1998884785.62,-1.6660374485322231,141.91157
SZ.002049,2021-08-09 00:00:00,138.482978,137.6544016,140.911564,135.197244,124.622,0.01335,11339680,1556385668.83,-1.356435348856023,139.5472701
SZ.002049,2021-08-10 00:00:00,137.268685,142.6187171,146.554455,136.91154,129.109,0.01931,16402054,2347541867.04,3.6063616145202855,137.6544016
SZ.002049,2021-08-11 00:00:00,143.6115802,141.91157,143.6187231,137.2615421,128.469,0.01155,9814704,1381393732.68,-0.49583050133886386,142.6187171
SZ.002049,2021-08-12 00:00:00,141.19728,138.768694,142.6115742,137.3829714,125.629,0.01112,9450959,1321353403.31,-2.2146721370216684,141.91157
SZ.002049,2021-08-13 00:00:00,138.3186913,136.7972536,139.697271,133.7400924,123.847,0.01325,11256681,1539533572.55,-1.4206665373675749,138.768694
SZ.002049,2021-08-16 00:00:00,135.48296,134.7472413,138.8044085,133.7543782,121.994,0.01006,8548800,1159380140.03,-1.4985770883926515,136.7972536
SZ.002049,2021-08-17 00:00:00,134.05438,131.0972194,138.6186931,129.697211,118.695,0.01886,16024803,2135864825.66,-2.708791560246965,134.7472413
SZ.002049,2021-08-18 00:00:00,131.19722,133.1543746,137.340114,129.8257832,120.555,0.01593,13532101,1811002220.88,1.5691829387496612,131.0972194
SZ.002049,2021-08-19 00:00:00,132.6258,139.9972728,142.2615721,130.3043575,126.739,0.01731,14706439,2028021266.26,5.139071262627506,133.1543746
SZ.002049,2021-08-20 00:00:00,142.62586,154.0187855,154.0187855,142.62586,139.412,0.03897,33105325,5023848764.16,10.015561317420191,139.9972728
SZ.002049,2021-08-23 00:00:00,152.62592,161.5974024,162.9259818,150.0044757,146.262,0.02903,24664112,3910386200.64,4.920579574366261,154.0187855
SZ.002049,2021-08-24 00:00:00,155.4473655,161.3616867,166.2260016,153.34021,146.049,0.02756,23410895,3745852619.17,-0.1458660204305276,161.5974024
SZ.002049,2021-08-25 00:00:00,171.19746,164.0474171,177.5189265,160.5259674,109.051,0.03356,28508592,4803337684.64,1.6644164144077347,161.3616867
SZ.002049,2021-08-26 00:00:00,167.62601,169.5688788,175.2831988,164.05456,112.716,0.02171,18441901,3132784347.59,3.3657717979395136,164.0474171
SZ.002049,2021-08-27 00:00:00,168.3403,164.411705,173.554617,161.91169,109.293,0.0217,18435303,3050273310.22,-3.0413445182253462,169.5688788
SZ.002049,2021-08-30 00:00:00,169.76888,159.76882,170.768886,159.05453,106.211,0.02316,19671492,3208555864.67,-2.823938234811205,164.411705
SZ.002049,2021-08-31 00:00:00,161.6402598,159.554533,165.840285,157.3616627,106.069,0.0176,14948637,2410221571.03,-0.13412316620978548,159.76882
SZ.002049,2021-09-01 00:00:00,164.1117032,159.625962,164.4188479,150.911624,106.116,0.02122,18028026,2845408345.42,0.04476776601514346,159.554533
SZ.002049,2021-09-02 00:00:00,156.91166,158.4045261,160.7902547,153.1830662,105.305,0.01609,13666837,2151471381.99,-0.7651862420725702,159.625962
SZ.002049,2021-09-03 00:00:00,158.3616687,154.1187861,159.76882,150.4901929,102.46,0.01817,15433378,2384389874.97,-2.7055666309019717,158.4045261
SZ.002049,2021-09-06 00:00:00,152.6830632,155.9902259,157.3759485,147.5258894,103.703,0.01537,13059650,2010872701.04,1.2142840255604757,154.1187861
SZ.002049,2021-09-07 00:00:00,157.1902331,157.5402352,163.0902685,154.3687876,104.732,0.01454,12348490,1970900180.54,0.9936579622582616,155.9902259
SZ.002049,2021-09-08 00:00:00,157.3830914,153.4473535,158.625956,151.5616279,102.015,0.01339,11377546,1754690699.25,-2.59799136062228,157.5402352
SZ.002049,2021-09-09 00:00:00,153.911642,153.3259242,155.0045057,149.8759035,101.934,0.01219,10356669,1576545557.74,-0.07913417679112232,153.4473535
SZ.002049,2021-09-10 00:00:00,153.34021,159.3331031,162.8045525,149.7759029,105.922,0.01828,15525813,2450095314.39,3.9179146849062234,153.3259242
SZ.002049,2021-09-13 00:00:00,159.7616771,143.3758645,159.76882,143.3758645,95.329,0.02884,24502627,3564799910.48,-10.015017776930488,159.3331031
SZ.002049,2021-09-14 00:00:00,144.3330131,142.911576,149.05447,141.0758507,95.021,0.02099,17829187,2588617211.52,-0.3238261206787766,143.3758645
SZ.002049,2021-09-15 00:00:00,143.0830056,148.768754,149.983047,133.3472329,98.909,0.0255,21664244,3070833141.79,4.098462954463538,142.911576
SZ.002049,2021-09-16 00:00:00,145.48302,140.411561,146.125881,137.3972572,93.361,0.01784,15157045,2141077934.98,-5.617572759935864,148.768754
SZ.002049,2021-09-17 00:00:00,139.4686982,143.054434,145.2330185,137.62583,95.116,0.01227,10427796,1479602373.32,1.8822331873370315,140.411561
SZ.002049,2021-09-22 00:00:00,140.48299,147.0616009,151.0759107,139.05441,97.776,0.01569,13325776,1958425544.62,2.8011483377020077,143.054434
SZ.002049,2021-09-23 00:00:00,147.5901755,148.697325,152.62592,143.2544352,98.862,0.01509,12815948,1899130363.97,1.1122713815092193,147.0616009
SZ.002049,2021-09-24 00:00:00,146.9116,149.268757,152.554491,146.19731,99.241,0.00949,8065752,1203296061.58,0.38429205098342367,148.697325
SZ.002049,2021-09-27 00:00:00,148.840183,146.8115994,150.48305,141.19728,97.61,0.01116,9483520,1390694845.75,-1.6461298729780325,149.268757
SZ.002049,2021-09-28 00:00:00,144.0472971,149.0901845,153.34021,143.983011,99.122,0.01,8498165,1273975208.25,1.5520470516718494,146.8115994
SZ.002049,2021-09-29 00:00:00,147.7544622,144.2330125,151.0401962,143.411579,95.898,0.00961,8166365,1196263161.15,-3.257875101764323,149.0901845
SZ.002049,2021-09-30 00:00:00,144.2401554,147.483032,149.625902,144.2115838,98.055,0.00934,7932448,1169172316.72,2.253311806823703,144.2330125
SZ.002049,2021-10-08 00:00:00,148.697325,137.5972584,151.0259104,135.4758171,91.493,0.02056,17466048,2450243400.12,-6.702990483678163,147.483032
SZ.002049,2021-10-11 00:00:00,137.6044013,142.554431,146.340168,137.482972,94.784,0.01447,12291246,1752062826.27,3.602668147347336,137.5972584
SZ.002049,2021-10-12 00:00:00,142.2330005,137.62583,143.125863,135.5615319,91.512,0.01031,8759483,1221965583.12,-3.4573467590074327,142.554431
SZ.002049,2021-10-13 00:00:00,137.62583,135.4258168,137.62583,129.6043533,90.052,0.02085,17713523,2365545932.58,-1.5985467262940398,137.62583
SZ.002049,2021-10-14 00:00:00,136.6686814,139.2901257,143.2830068,134.05438,92.617,0.01381,11733806,1642239139.47,2.853450687107096,135.4258168
SZ.002049,2021-10-15 00:00:00,140.2472743,147.0616009,148.1830362,137.840117,97.776,0.01349,11461247,1658781800.75,5.579343949145418,139.2901257
SZ.002049,2021-10-18 00:00:00,146.8758855,145.0258744,146.9187429,142.7544322,96.424,0.0093,7903600,1145562983.46,-1.3842678765507779,147.0616009
SZ.002049,2021-10-19 00:00:00,146.3187393,150.3759065,151.340198,144.411585,99.976,0.0105,8917606,1325771469.72,3.6890190265248433,145.0258744
SZ.002049,2021-10-20 00:00:00,150.4544784,148.4901809,152.7616351,147.054458,98.724,0.01085,9217920,1379891915.96,-1.2540078021075807,150.3759065
SZ.002049,2021-10-21 00:00:00,148.34018,144.05444,148.34018,143.34015,95.779,0.00743,6311284,917546303.35,-2.9872284302672116,148.4901809
SZ.002049,2021-10-22 00:00:00,145.8830224,143.197292,145.8830224,142.62586,95.211,0.00939,7978541,1152779844.93,-0.595016717291043,144.05444
SZ.002049,2021-10-25 00:00:00,142.268715,148.7544682,149.4259008,142.2615721,98.899,0.011,9346142,1373923754.21,3.880783024863338,143.197292
SZ.002049,2021-10-26 00:00:00,149.76876,140.554419,151.1830542,139.7615571,75.72,0.01948,16550694,2373734603.99,-5.512472532236847,148.7544682
SZ.002049,2021-10-27 00:00:00,140.5758477,140.625848,142.0044277,138.054404,75.758,0.01297,11015382,1544064045.31,0.050819462318004285,140.554419
SZ.002049,2021-10-28 00:00:00,140.625848,141.2901377,142.1187141,139.0615529,76.116,0.00998,8474946,1197458631.84,0.4723809381046449,140.625848
SZ.002049,2021-10-29 00:00:00,140.8972782,144.5187285,145.268733,140.1329879,77.852,0.01489,12650272,1811098510.21,2.285078670427261,141.2901377
SZ.002049,2021-11-01 00:00:00,145.8830224,147.5258894,149.5901875,144.5330143,79.469,0.01252,10632379,1573105550.91,2.0808105158495094,144.5187285
SZ.002049,2021-11-02 00:00:00,148.34018,157.0045177,157.4616633,148.34018,84.567,0.02117,17987782,2797455672.0,6.425060942557515,147.5258894
SZ.002049,2021-11-03 00:00:00,157.4616633,154.0187855,158.1616675,152.197346,82.961,0.01148,9748701,1510993671.62,-1.9016855334730287,157.0045177
SZ.002049,2021-11-04 00:00:00,156.2545132,158.625956,160.9259698,154.911648,85.439,0.01479,12565982,1991488539.01,2.991304265283922,154.0187855
SZ.002049,2021-11-05 00:00:00,159.625962,154.5259314,162.697409,153.483068,83.234,0.01122,9533185,1502265374.25,-2.5847123026952863,158.625956
SZ.002049,2021-11-08 00:00:00,153.0473511,155.6616525,156.4402286,149.2901857,83.845,0.00968,8221779,1261405126.84,0.7349712049689106,154.5259314
SZ.002049,2021-11-09 00:00:00,155.4759371,160.0688218,160.8759695,154.1116432,86.215,0.01295,10998037,1743196634.88,2.8312492057091534,155.6616525
SZ.002049,2021-11-10 00:00:00,160.48311,159.983107,163.1831262,158.2188107,86.169,0.01245,10575322,1701098537.43,-0.053548716755785604,160.0688218
SZ.002049,2021-11-11 00:00:00,158.697385,157.9188089,162.8045525,155.054506,85.059,0.01328,11279017,1786172555.4,-1.29032254636735,159.983107
SZ.002049,2021-11-12 00:00:00,157.0188035,160.4473955,162.268835,155.7759389,86.419,0.01055,8965167,1434205860.99,1.6011940677701069,157.9188089
SZ.002049,2021-11-15 00:00:00,161.554545,152.125917,162.5474081,151.840201,81.943,0.0145,12315371,1919591563.1,-5.186421676754492,160.4473955
SZ.002049,2021-11-16 00:00:00,152.125917,153.1902091,158.125953,151.9259158,82.516,0.01364,11584500,1801593397.8,0.6996126110451102,152.125917
SZ.002049,2021-11-17 00:00:00,153.3687816,151.9259158,154.411645,146.125881,81.836,0.01293,10983243,1646302287.93,-0.8253094681623432,153.1902091
SZ.002049,2021-11-18 00:00:00,149.8759035,150.3544778,152.3973472,147.8830344,80.991,0.01058,8986265,1352495829.83,-1.0343449251072412,151.9259158
SZ.002049,2021-11-19 00:00:00,151.19734,148.840183,151.554485,146.19731,80.176,0.01074,9125106,1359300954.47,-1.007149785066139,150.3544778
SZ.002049,2021-11-22 00:00:00,148.840183,155.4402226,156.411657,148.8330401,83.726,0.01517,12889191,1989105900.52,4.434313010754631,148.840183
SZ.002049,2021-11-23 00:00:00,153.7044979,149.125899,154.0545,148.34018,80.33,0.01323,11240404,1693273361.87,-4.062219864577056,155.4402226
SZ.002049,2021-11-24 00:00:00,149.1758993,145.4473055,150.125905,145.411591,78.351,0.01122,9530208,1406173416.35,-2.466770376351599,149.125899
SZ.002049,2021-11-25 00:00:00,144.76873,144.8973022,147.2616021,143.7044379,78.056,0.00831,7060263,1031022617.01,-0.37814609085349193,145.4473055
SZ.002049,2021-11-26 00:00:00,144.340156,146.4544544,146.768742,144.197298,78.893,0.00708,6011444,875716608.34,1.0746592078371975,144.8973022
SZ.002049,2021-11-29 00:00:00,144.8044445,149.697331,151.340198,144.125869,80.637,0.01233,10470698,1563053652.16,2.214256038360543,146.4544544
SZ.002049,2021-11-30 00:00:00,149.7759029,164.6902781,164.6902781,149.7759029,88.701,0.02972,25246670,4088526431.79,10.015507290507411,149.697331
SZ.002049,2021-12-01 00:00:00,165.3974252,165.625998,170.3331691,163.5402712,89.204,0.02901,24646834,4118615563.93,0.568169482009035,164.6902781
SZ.002049,2021-12-02 00:00:00,165.7259986,162.3116924,169.0117326,160.554539,87.422,0.01315,11168012,1828020043.73,-2.001078115767798,165.625998
SZ.002049,2021-12-03 00:00:00,163.3331271,164.268847,165.48314,161.6331169,88.474,0.01085,9217689,1512920731.12,1.2058001312541275,162.3116924
SZ.002049,2021-12-06 00:00:00,163.125983,162.1402628,166.3831454,160.7045399,87.33,0.00956,8118766,1327906779.35,-1.295792987455501,164.268847
SZ.002049,2021-12-07 00:00:00,164.76885,156.1830842,165.125995,153.9187849,84.126,0.01263,10728918,1687493301.61,-3.674089641354641,162.1402628
SZ.002049,2021-12-08 00:00:00,156.2616561,155.9473685,159.5402472,154.6330749,83.999,0.00993,8434295,1319840762.18,-0.15092268231695344,156.1830842
SZ.002049,2021-12-09 00:00:00,154.2545012,156.91166,158.34024,152.2616321,84.517,0.01318,11195137,1743131997.26,0.6183441947595297,155.9473685
SZ.002049,2021-12-10 00:00:00,155.4902229,157.2259476,162.5402652,153.9687852,84.686,0.02009,17063513,2720729347.13,0.20029588623305628,156.91166
SZ.002049,2021-12-13 00:00:00,159.05453,161.697403,164.7902787,157.1330899,87.091,0.01578,13407452,2160655576.82,2.8439678489811793,157.2259476
SZ.002049,2021-12-14 00:00:00,162.340264,161.1974,162.9188389,156.19737,86.822,0.01035,8789740,1408659691.51,-0.309221416499819,161.697403
SZ.002049,2021-12-15 00:00:00,161.1188281,159.4759611,162.054548,158.9759581,85.897,0.00846,7190538,1153583854.88,-1.067907360788686,161.1974
SZ.002049,2021-12-16 00:00:00,157.2259476,154.0187855,159.411675,147.3330311,82.961,0.02137,18153499,2779417040.28,-3.421942443462094,159.4759611
SZ.002049,2021-12-17 00:00:00,155.5045087,149.0330413,155.840225,148.9901839,80.28,0.00958,8138132,1227469519.69,-3.2371013599506657,154.0187855
SZ.002049,2021-12-20 00:00:00,147.1401728,146.054452,150.7759089,145.2615901,78.678,0.01033,8778561,1296736411.61,-1.9986100223266463,149.0330413
SZ.002049,2021-12-21 00:00:00,145.4901629,146.0330233,148.3044655,143.8258672,78.666,0.00827,7029792,1025377221.18,-0.01467171983227276,146.054452
SZ.002049,2021-12-22 00:00:00,146.6115982,144.483014,146.6901701,142.7544322,77.833,0.01264,10737749,1555349932.35,-1.0614101283212967,146.0330233
SZ.002049,2021-12-23 00:00:00,144.05444,144.3544418,147.9901779,143.0615769,77.764,0.01198,10180585,1481681886.76,-0.08898776156483543,144.483014
SZ.002049,2021-12-24 00:00:00,143.3544358,146.9687432,147.4973178,143.34015,79.17,0.01033,8776479,1284573900.51,1.8110294130208169,144.3544418
SZ.002049,2021-12-27 00:00:00,146.9973148,144.3972992,149.7473313,144.0901545,77.787,0.00859,7293507,1066265122.98,-1.7496536637730555,146.9687432
SZ.002049,2021-12-28 00:00:00,145.411591,149.1044703,150.1901911,142.1830002,80.318,0.01402,11907151,1743599036.42,3.2598747525604765,144.3972992
SZ.002049,2021-12-29 00:00:00,148.1330359,151.483056,153.7473553,148.0901785,81.598,0.01157,9833356,1494303197.71,1.5952477448960845,149.1044703
SZ.002049,2021-12-30 00:00:00,152.3830614,166.6545756,166.6545756,152.3830614,89.757,0.02325,19753188,3234330114.07,10.015324486192027,151.483056
SZ.002049,2021-12-31 00:00:00,164.05456,160.48311,165.4759971,156.8902313,86.438,0.01875,15932607,2563718727.31,-3.703148010056783,166.6545756
SZ.002049,2022-01-04 00:00:00,159.76882,162.6902661,163.3831274,156.2116558,87.625,0.0123,10446186,1671436346.44,1.3753198701096905,160.48311
SZ.002049,2022-01-05 00:00:00,160.4473955,154.411645,161.554545,152.9687792,83.205,0.01298,11030542,1722757882.88,-5.088578006819063,162.6902661
SZ.002049,2022-01-06 00:00:00,153.697355,152.268775,154.8902193,148.34018,82.052,0.01113,9458430,1436609358.3,-1.3877645044193319,154.411645
SZ.002049,2022-01-07 00:00:00,152.9902079,150.4687642,158.1188101,149.5330443,81.083,0.00778,6613874,1015715234.03,-1.1821273271555481,152.268775
SZ.002049,2022-01-10 00:00:00,147.554461,146.19731,150.1330479,143.34015,78.785,0.01293,10984254,1614459692.87,-2.8387647248318544,150.4687642
SZ.002049,2022-01-11 00:00:00,146.1830242,142.4615733,147.62589,141.554425,76.775,0.01044,8870632,1281221238.08,-2.5552704765908416,146.19731
SZ.002049,2022-01-12 00:00:00,144.0615829,152.3973472,153.411639,141.3258522,82.121,0.015,12743761,1893791355.6,6.9743536238203365,142.4615733
SZ.002049,2022-01-13 00:00:00,153.4259248,151.268769,154.4759311,146.9901719,81.514,0.00822,6982095,1055750570.05,-0.7405497672600044,152.3973472
SZ.002049,2022-01-14 00:00:00,149.76876,155.3759365,158.4688122,149.05447,83.724,0.01015,8620634,1344223820.09,2.715145715240139,151.268769
SZ.002049,2022-01-17 00:00:00,155.3759365,157.1330899,161.8759755,154.268787,84.669,0.00784,6657695,1049437717.99,1.1309044628027023,155.3759365
SZ.002049,2022-01-18 00:00:00,157.1402328,157.6688074,160.48311,156.340228,84.957,0.00712,6051878,959277214.31,0.340932327074416,157.1330899
SZ.002049,2022-01-19 00:00:00,161.8331181,162.1616915,170.1688824,160.48311,87.375,0.01727,14671300,2424755390.45,2.849570675448642,157.6688074
SZ.002049,2022-01-20 00:00:00,163.34027,158.6616705,167.3688656,157.983095,85.491,0.01167,9913552,1604460934.71,-2.1583525477717256,162.1616915
SZ.002049,2022-01-21 00:00:00,157.0759467,154.6902181,158.483098,153.3973532,83.355,0.00886,7527997,1175612730.39,-2.503095037058748,158.6616705
SZ.002049,2022-01-24 00:00:00,155.697367,161.3331151,163.8974162,154.697361,86.929,0.00977,8298453,1334038241.38,4.294322602677859,154.6902181
SZ.002049,2022-01-25 00:00:00,159.3331031,159.3331031,165.840285,159.3331031,85.853,0.00707,6008395,971858166.19,-1.2396785363998704,161.3331151
SZ.002049,2022-01-26 00:00:00,158.697385,157.483092,161.91169,155.3187933,84.857,0.00637,5412177,855566322.55,-1.1610965103961433,159.3331031
SZ.002049,2022-01-27 00:00:00,158.34024,153.840213,160.2331085,152.483062,82.897,0.0057,4839200,754786821.17,-2.3131873737912088,157.483092
SZ.002049,2022-01-28 00:00:00,152.483062,152.983065,158.4616693,148.9901839,82.436,0.00834,7087451,1092781889.81,-0.5571677153099074,153.840213
SZ.002049,2022-02-07 00:00:00,154.7545042,149.4187579,156.7116588,148.8044685,80.518,0.00685,5816132,880831197.05,-2.329870368331297,152.983065
SZ.002049,2022-02-08 00:00:00,148.4616093,138.3829774,149.411615,136.268679,74.581,0.01874,15925051,2230941770.43,-7.385806611634278,149.4187579
SZ.002049,2022-02-09 00:00:00,138.697265,141.2115658,141.697283,134.125809,76.102,0.01313,11156290,1547007840.32,2.044029152389087,138.3829774
SZ.002049,2022-02-10 00:00:00,141.340138,140.2187027,144.7615871,139.0615529,75.568,0.00827,7022673,993171928.96,-0.7031032439695488,141.2115658
SZ.002049,2022-02-11 00:00:00,140.0687018,139.5401272,142.4044301,138.197262,75.203,0.00776,6590124,927269853.0,-0.48394079173005633,140.2187027
SZ.002049,2022-02-14 00:00:00,137.6472587,134.6329549,138.34012,132.8472299,72.563,0.01588,13493666,1827409790.85,-3.5166746644616884,139.5401272
SZ.002049,2022-02-15 00:00:00,133.1472317,140.411561,140.4687042,133.1472317,75.672,0.01022,8681288,1199212955.64,4.292118600748337,134.6329549
SZ.002049,2022-02-16 00:00:00,140.48299,138.411549,141.768712,137.1401128,74.596,0.00733,6231152,866076888.17,-1.4243926823091142,140.411561
SZ.002049,2022-02-17 00:00:00,137.6329729,139.8044145,140.48299,136.3043935,75.345,0.00725,6163319,857585167.27,1.006321734033913,138.411549
SZ.002049,2022-02-18 00:00:00,137.6615445,139.7758429,141.1401368,137.482972,75.33,0.00477,4054923,566910983.28,-0.020436836778155297,139.8044145
SZ.002049,2022-02-21 00:00:00,139.1758393,142.3258582,142.983005,139.1758393,76.702,0.00816,6933263,985497656.65,1.8243605240315905,139.7758429
SZ.002049,2022-02-22 00:00:00,141.6901401,142.554431,143.8758675,137.7758309,76.825,0.00757,6435312,908359513.14,0.16059822360515716,142.3258582
SZ.002049,2022-02-23 00:00:00,142.268715,149.4187579,150.911624,141.6687114,80.518,0.01484,12604876,1872152641.69,4.815232225226313,142.554431
SZ.002049,2022-02-24 00:00:00,149.3544718,151.7473433,154.4902169,148.0187495,81.771,0.01412,11994536,1815309031.12,1.5584290973416053,149.4187579
SZ.002049,2022-02-25 00:00:00,151.697343,151.4044841,153.5402112,149.554473,81.587,0.00738,6268859,951283897.98,-0.22594082541675756,151.7473433
SZ.002049,2022-02-28 00:00:00,151.554485,157.8473799,161.411687,151.411627,85.053,0.0143,12145135,1912741360.46,4.255419407356907,151.4044841
SZ.002049,2022-03-01 00:00:00,156.7402304,158.34024,160.8188263,155.1902211,85.318,0.00818,6949020,1101092350.42,0.312238378813915,157.8473799
SZ.002049,2022-03-02 00:00:00,156.91166,158.2045249,159.4045321,154.9973628,85.245,0.00791,6721981,1059923624.5,-0.0857110611932878,158.34024
SZ.002049,2022-03-03 00:00:00,157.6616645,153.983071,159.411675,152.911636,82.974,0.00787,6687224,1037951617.59,-2.668352186935458,158.2045249
SZ.002049,2022-03-04 00:00:00,153.3116384,156.4259428,160.48311,152.411633,84.289,0.00829,7046201,1113782775.78,1.5864547863186897,153.983071
SZ.002049,2022-03-07 00:00:00,156.125941,153.0330653,159.411675,151.9973448,82.463,0.00686,5824212,900997188.94,-2.168999233290859,156.4259428
SZ.002049,2022-03-08 00:00:00,153.268781,151.19734,155.3973652,148.8258972,81.475,0.0076,6460066,984072039.9,-1.1995612166568863,153.0330653
SZ.002049,2022-03-09 00:00:00,152.3116324,148.911612,153.554497,142.4901449,80.245,0.01117,9492966,1401355473.75,-1.5117514633524678,151.19734
SZ.002049,2022-03-10 00:00:00,153.268781,148.2044649,153.5473541,147.62589,79.865,0.00827,7026243,1057055625.33,-0.4748770700299625,148.911612
SZ.002049,2022-03-11 00:00:00,146.19731,150.1116192,150.6401938,145.0687318,80.891,0.00879,7466639,1102381969.04,1.2868399756288327,148.2044649
SZ.002049,2022-03-14 00:00:00,148.34018,149.0901845,152.1902031,146.9187429,80.342,0.00742,6300105,947820075.03,-0.6804501246763012,150.1116192
SZ.002049,2022-03-15 00:00:00,147.62589,143.197292,151.1830542,142.9472905,77.171,0.00918,7797473,1142186472.19,-3.9525690572875964,149.0901845
SZ.002049,2022-03-16 00:00:00,146.19731,149.76876,150.4687642,140.2544172,80.707,0.01042,8855982,1288843434.74,4.589100749195719,143.197292
SZ.002049,2022-03-17 00:00:00,152.554491,153.054494,154.9045051,150.7473373,82.475,0.01158,9836933,1507134478.53,2.193871405492053,149.76876
SZ.002049,2022-03-18 00:00:00,151.983059,146.8973142,153.054494,143.34015,79.162,0.01352,11482615,1692924323.55,-4.022867698350624,153.054494
SZ.002049,2022-03-21 00:00:00,148.4687522,152.5473481,152.8044925,147.1116012,82.202,0.01044,8871760,1338381983.49,3.8462472447300757,146.8973142
SZ.002049,2022-03-22 00:00:00,152.5473481,145.3187333,154.6473607,144.6044433,78.312,0.01233,10473577,1549932292.63,-4.738604040013464,152.5473481
SZ.002049,2022-03-23 00:00:00,146.1615955,146.6758843,148.3116084,142.62586,79.043,0.01149,9761689,1433266376.95,0.9339133153591948,145.3187333
SZ.002049,2022-03-24 00:00:00,146.6758843,144.05444,147.3973172,142.768718,77.632,0.00555,4713795,681039746.28,-1.7872360630451691,146.6758843
SZ.002049,2022-03-25 00:00:00,144.1472977,142.5401452,146.19731,139.7329855,76.817,0.01016,8635886,1231723614.46,-1.0511962005475066,144.05444
SZ.002049,2022-03-28 00:00:00,140.48299,142.8258612,145.2044469,139.911558,76.971,0.00596,5065516,727835443.75,0.20044598635639627,142.5401452
SZ.002049,2022-03-29 00:00:00,142.8258612,147.0258864,149.7473313,142.8258612,79.231,0.00769,6533518,965887133.17,2.9406615613671505,142.8258612
SZ.002049,2022-03-30 00:00:00,147.62589,147.0473151,148.1901791,143.9187249,79.242,0.00723,6142196,900692479.16,0.014574780349701263,147.0258864
SZ.002049,2022-03-31 00:00:00,147.0473151,145.8687366,147.0473151,144.1044403,78.608,0.00445,3784047,551199885.0,-0.8014961029369969,147.0473151
SZ.002049,2022-04-01 00:00:00,145.2187327,146.8687426,149.697331,144.411585,79.146,0.00566,4806340,710221588.28,0.685551971799271,145.8687366
SZ.002049,2022-04-06 00:00:00,146.0473091,143.2901497,146.0473091,142.0472851,77.221,0.00535,4545647,651964355.13,-2.436592590532596,146.8687426
SZ.002049,2022-04-07 00:00:00,142.9758621,139.411555,144.2115838,137.5901155,75.134,0.0088,7477679,1048419818.96,-2.706811813736285,143.2901497
SZ.002049,2022-04-08 00:00:00,139.411555,136.2472503,139.7687,134.4186679,73.431,0.01093,9286642,1271660658.16,-2.269757840374137,139.411555
SZ.002049,2022-04-11 00:00:00,135.48296,123.9757481,136.0901065,123.6114602,66.829,0.0222,18857162,2409399663.41,-9.006788887834155,136.2472503
SZ.002049,2022-04-12 00:00:00,126.4686202,128.411489,132.1686544,126.0114746,69.215,0.01555,13210969,1698542295.48,3.577910170319823,123.9757481
SZ.002049,2022-04-13 00:00:00,127.4614833,124.125749,127.4614833,122.6471687,66.91,0.01027,8729494,1093093245.07,-3.3375051043913917,128.411489
SZ.002049,2022-04-14 00:00:00,125.4257568,122.8757415,126.0043317,117.8899973,66.237,0.0201,17073585,2074528833.01,-1.0070493109370848,124.125749
SZ.002049,2022-04-15 00:00:00,121.554305,123.982891,126.91148,120.840015,66.833,0.01101,9350749,1163170216.44,0.9010317956046607,122.8757415
SZ.002049,2022-04-18 00:00:00,122.7328835,129.4614953,129.7614971,121.9971648,69.78,0.00887,7534290,962708417.33,4.41883896706361,123.982891
SZ.002049,2022-04-19 00:00:00,129.7329255,127.2543392,129.7614971,126.7400504,68.593,0.00782,6640501,851456610.46,-1.704874561262689,129.4614953
SZ.002049,2022-04-20 00:00:00,127.6686274,124.0900345,129.05435,123.8828904,66.89,0.00596,5063548,636369034.63,-2.4865986652343577,127.2543392
SZ.002049,2022-04-21 00:00:00,124.1757493,119.76858,125.411471,119.1185761,52.173,0.01118,9497296,1157506652.33,-3.4825153505779722,124.0900345
SZ.002049,2022-04-22 00:00:00,119.76858,120.48287,121.054302,116.339988,52.484,0.01028,8737234,1046385378.28,0.5963918082689178,119.76858
SZ.002049,2022-04-25 00:00:00,118.34,113.0256824,121.768592,112.8756815,49.242,0.01186,10075745,1175194757.06,-6.189417300567301,120.48287
SZ.002049,2022-04-26 00:00:00,113.0256824,116.19713,121.8543068,110.8685266,45.786,0.01638,13917510,1633797493.76,2.8059530654070244,113.0256824
SZ.002049,2022-04-27 00:00:00,115.7328415,124.697181,125.7400444,115.1828382,49.129,0.01738,14764748,1794561161.89,7.31519874888476,116.19713
SZ.002049,2022-04-28 00:00:00,122.9900279,124.7186097,126.9686232,120.625728,49.137,0.01052,8936152,1111005058.9,0.017184590564241625,124.697181
SZ.002049,2022-04-29 00:00:00,125.4829,130.48293,131.91151,123.482888,51.404,0.01419,12058993,1547969592.26,4.621860613957765,124.7186097
SZ.002049,2022-05-05 00:00:00,130.8186463,135.5258174,141.1115652,128.7900627,53.387,0.01472,12504979,1709405794.56,3.8647870644842075,130.48293
SZ.002049,2022-05-06 00:00:00,131.91151,132.6615145,134.6829552,130.5043587,52.261,0.00535,4547587,604081806.98,-2.113473989642939,135.5258174
SZ.002049,2022-05-09 00:00:00,132.6115142,135.4543884,138.7401224,130.7329315,53.359,0.00787,6690252,909131960.38,2.105263090449634,132.6615145
SZ.002049,2022-05-10 00:00:00,133.982951,132.0686538,137.768688,129.76864,52.028,0.01147,9746074,1300832782.13,-2.499538508860896,135.4543884
SZ.002049,2022-05-11 00:00:00,130.7329315,132.0186535,136.1901071,130.0186415,52.008,0.01104,9381785,1259048877.36,-0.03785932434483069,132.0686538
SZ.002049,2022-05-12 00:00:00,131.054362,135.48296,137.5401152,129.0614929,53.37,0.00858,7289791,978971170.43,2.624103797574327,132.0186535
SZ.002049,2022-05-13 00:00:00,136.19725,134.6686694,137.7401164,133.2329465,53.05,0.00689,5851547,790112309.43,-0.6010280554838723,135.48296
SZ.002049,2022-05-16 00:00:00,135.4615313,133.5900915,136.19725,131.91151,52.626,0.00517,4390033,589017284.42,-0.8009122721754605,134.6686694
SZ.002049,2022-05-17 00:00:00,133.697235,135.3901023,136.2543932,132.0186535,53.334,0.00901,7653623,1031625329.83,1.34741340453382,133.5900915
SZ.002049,2022-05-18 00:00:00,135.48296,134.554383,135.7758189,132.268655,53.005,0.00646,5490765,738094695.98,-0.6172676479320408,135.3901023
SZ.002049,2022-05-19 00:00:00,132.6258,134.554383,135.48296,130.9186469,53.005,0.00838,7120766,951024134.48,0.0,134.554383
SZ.002049,2022-05-20 00:00:00,134.840099,132.7043719,135.268673,131.2043629,52.278,0.01068,9072974,1202316150.64,-1.3749170103213872,134.554383
SZ.002049,2022-05-23 00:00:00,132.5257994,133.34009,134.05438,130.0329273,52.528,0.00739,6282816,830534831.78,0.47904834701228943,132.7043719
SZ.002049,2022-05-24 00:00:00,132.6258,127.62577,134.76867,127.4471975,50.28,0.00979,8316747,1092791544.68,-4.285522831130533,133.34009
SZ.002049,2022-05-25 00:00:00,126.91148,128.2900597,131.1115052,125.4829,50.542,0.00741,6295102,806149129.31,0.5204980937627234,127.62577
SZ.002049,2022-05-26 00:00:00,128.3257742,130.1186421,133.7400924,126.2757619,51.261,0.01004,8527096,1115609330.08,1.4253500265539183,128.2900597
SZ.002049,2022-05-27 00:00:00,131.4972218,130.48293,133.5972344,129.7757829,51.404,0.00593,5038037,665418255.66,0.2799659557775404,130.1186421
SZ.002049,2022-05-30 00:00:00,130.48293,128.697205,131.1615055,126.6757643,50.702,0.01128,9582764,1231019383.96,-1.3685506602281337,130.48293
SZ.002049,2022-05-31 00:00:00,127.7471993,126.482906,128.34006,120.4757271,49.831,0.02136,18147312,2274372773.33,-1.7205494089790039,128.697205
SZ.002049,2022-06-01 00:00:00,124.8971822,125.2543272,127.7543422,121.982879,49.348,0.01845,15673585,1951087333.38,-0.9713397951182383,126.482906
SZ.002049,2022-06-02 00:00:00,125.2543272,132.125797,132.9329447,124.05432,52.05,0.01646,13982214,1826043129.54,5.486013899566098,125.2543272
SZ.002049,2022-06-06 00:00:00,131.3186493,138.2829768,141.0115646,130.5400732,54.471,0.01757,14927984,2048017391.65,4.660089051345509,132.125797
SZ.002049,2022-06-07 00:00:00,138.2401194,135.2401014,138.2544052,133.5186625,53.275,0.0126,10701698,1451011967.23,-2.2004699858327132,138.2829768
SZ.002049,2022-06-08 00:00:00,135.1686724,134.0043797,135.3829594,131.8115094,52.789,0.01124,9550758,1277118784.95,-0.9137243223037094,135.2401014
SZ.002049,2022-06-09 00:00:00,135.340102,131.19722,135.48296,130.7757889,51.685,0.01266,10752301,1427308170.35,-2.094826830499481,134.0043797
SZ.002049,2022-06-10 00:00:00,131.268649,144.340156,144.340156,130.5257874,56.853,0.03265,27742015,3841443383.57,10.017693972479007,131.19722
SZ.002049,2022-06-13 00:00:00,144.1830122,142.411573,145.4973058,140.2544172,56.095,0.01736,14752271,2102950788.1,-1.3361375333417287,144.340156
SZ.002049,2022-06-14 00:00:00,141.19728,139.7687,141.768712,135.4972458,55.056,0.01863,15831129,2202479168.46,-1.8557993176579888,142.411573
SZ.002049,2022-06-15 00:00:00,139.0615529,138.3615487,141.1758513,137.1115412,54.502,0.01325,11261455,1568808345.3,-1.0067714016085214,139.7687
SZ.002049,2022-06-16 00:00:00,138.697265,139.8687006,143.34015,136.9901119,55.095,0.00941,7991310,1126079261.82,1.089285219890015,138.3615487
SZ.002049,2022-06-17 00:00:00,139.2258396,140.7615631,141.554425,136.91154,55.446,0.00907,7701972,1075495547.42,0.6383576140836603,139.8687006
SZ.002049,2022-06-20 00:00:00,140.7758489,137.697259,144.05444,136.1901071,54.241,0.0165,14015906,1958827980.46,-2.176946626987255,140.7615631
SZ.002049,2022-06-21 00:00:00,136.91154,134.9329567,137.268685,132.8258012,53.154,0.01219,10354450,1395287847.18,-2.007521660253235,137.697259
SZ.002049,2022-06-22 00:00:00,133.697235,129.840069,134.3900963,129.76864,51.151,0.01644,13969748,1843823447.63,-3.774383830722065,134.9329567
SZ.002049,2022-06-23 00:00:00,129.197208,136.554395,136.7758249,128.840063,53.792,0.01846,15683112,2096908675.36,5.171227997421967,129.840069
SZ.002049,2022-06-24 00:00:00,134.76867,131.4472215,135.48296,126.6614785,51.783,0.04349,36948233,4826470684.59,-3.740028653050667,136.554395
SZ.002049,2022-06-27 00:00:00,129.4257808,136.840111,139.6829852,129.05435,53.904,0.02836,24092689,3260587709.56,4.102703304382889,131.4472215
SZ.002049,2022-06-28 00:00:00,136.8329681,139.2972686,140.4401326,133.34009,54.87,0.01512,12844141,1771288271.15,1.7956413379407357,136.840111
SZ.002049,2022-06-29 00:00:00,139.1829822,134.6115262,139.8115574,134.4615253,53.028,0.0121,10281868,1407492219.41,-3.3638437042548084,139.2972686
SZ.002049,2022-06-30 00:00:00,130.340072,135.2829588,137.5044007,130.340072,53.292,0.01403,11917579,1608235588.09,0.4987927995128867,134.6115262
SZ.002049,2022-07-01 00:00:00,140.125845,143.911582,148.4973238,140.125845,56.685,0.02861,24311296,3522009206.76,6.378204081680701,135.2829588
SZ.002049,2022-07-04 00:00:00,144.05444,149.6044733,152.054488,141.19728,58.924,0.02129,18091766,2688676890.93,3.9558256680132837,143.911582
SZ.002049,2022-07-05 00:00:00,149.9044751,149.4544724,150.6473367,146.554455,58.865,0.01069,9081349,1349265756.96,-0.10026498318617397,149.6044733
SZ.002049,2022-07-06 00:00:00,148.34018,149.0187555,151.8259152,147.62589,58.693,0.00849,7217285,1080225595.1,-0.2915382142822971,149.4544724
SZ.002049,2022-07-07 00:00:00,149.0044697,148.4473235,149.9759041,145.3758765,58.469,0.00898,7631173,1130860127.84,-0.3834631406514379,149.0187555
SZ.002049,2022-07-08 00:00:00,149.1401848,147.0616009,151.1116252,146.9116,57.924,0.00796,6765183,1007238034.15,-0.9334776588275828,148.4473235
SZ.002049,2022-07-11 00:00:00,146.19731,145.0973034,146.6687414,142.4615733,57.151,0.00836,7105681,1025258917.12,-1.3356970738647893,147.0616009
SZ.002049,2022-07-12 00:00:00,144.7758729,143.125863,146.9116,141.3258522,56.376,0.00795,6756629,970510782.15,-1.358702301010494,145.0973034
SZ.002049,2022-07-13 00:00:00,143.0972914,142.0615709,144.05444,140.5329903,55.957,0.00758,6439893,917288098.38,-0.743605717158203,143.125863
SZ.002049,2022-07-14 00:00:00,142.0615709,147.7544622,150.2759059,141.91157,58.196,0.00875,7430460,1101882804.26,4.007340805774529,142.0615709
SZ.002049,2022-07-15 00:00:00,147.62589,146.7258846,149.1830422,146.5187405,57.792,0.00705,5986349,886790226.7,-0.6961397880544047,147.7544622
SZ.002049,2022-07-18 00:00:00,146.1330239,143.3472929,148.2044649,141.554425,56.463,0.01024,8703063,1247852629.8,-2.3026555329419955,146.7258846
SZ.002049,2022-07-19 00:00:00,142.9258618,143.2401494,145.9687372,141.6829972,56.421,0.00605,5141630,738404620.27,-0.07474399957782983,143.3472929
SZ.002049,2022-07-20 00:00:00,143.2901497,146.9116,148.1758933,143.2901497,57.865,0.00808,6865460,1008979281.35,2.563143514844718,143.2401494
SZ.002049,2022-07-21 00:00:00,146.8973142,151.91163,155.1187921,145.8115934,59.831,0.01193,10139495,1548244664.99,3.4034276394784415,146.9116
SZ.002049,2022-07-22 00:00:00,153.2402094,156.4759431,158.5402412,150.125905,61.626,0.01126,9569357,1486220792.89,3.004584375797951,151.91163
SZ.002049,2022-07-25 00:00:00,155.411651,154.9330767,161.483116,154.0545,61.019,0.00906,7700400,1209818863.14,-0.9860086920926878,156.4759431
SZ.002049,2022-07-26 00:00:00,154.76879,156.5759437,156.7473733,153.3330671,61.665,0.00551,4682658,726839283.87,1.0603720231936917,154.9330767
SZ.002049,2022-07-27 00:00:00,156.4973718,154.411645,157.983095,153.9687852,60.814,0.0068,5773397,899240434.62,-1.3822677027237469,156.5759437
SZ.002049,2022-07-28 00:00:00,155.0402202,159.697391,159.9473925,153.7259266,62.893,0.00861,7316422,1160049786.96,3.4231524442343826,154.411645
SZ.002049,2022-07-29 00:00:00,158.911672,150.4616213,159.3902463,150.1116192,59.261,0.01303,11067758,1688967152.37,-5.783294042668499,159.697391
SZ.002049,2022-08-01 00:00:00,149.340186,152.5759197,155.2402214,146.9116,60.092,0.0094,7989594,1215974954.33,1.4052077744027311,150.4616213
SZ.002049,2022-08-02 00:00:00,152.0473451,151.1616255,154.483074,149.983047,59.536,0.00815,6924038,1054067469.58,-0.92694456817354,152.5759197
SZ.002049,2022-08-03 00:00:00,154.0402142,157.5188065,160.697397,151.19734,62.036,0.01185,10066834,1578839062.12,4.205552155828066,151.1616255
SZ.002049,2022-08-04 00:00:00,159.4545324,155.840225,161.1974,155.197364,61.376,0.01212,10298148,1625299850.79,-1.0656387877088231,157.5188065
SZ.002049,2022-08-05 00:00:00,157.7473793,157.0402322,162.62598,155.48308,61.848,0.01247,10591530,1678102462.94,0.770024042252241,155.840225
SZ.002049,2022-08-08 00:00:00,156.91166,166.8974342,167.3260082,156.054512,65.724,0.01645,13975550,2288599752.86,6.276864127051388,157.0402322
SZ.002049,2022-08-09 00:00:00,166.91172,167.62601,168.5117296,161.8116894,66.011,0.01016,8629978,1429935576.64,0.43654104300185564,166.8974342
SZ.002049,2022-08-10 00:00:00,166.19743,171.9688932,178.697505,165.697427,67.719,0.01269,10785490,1871840371.35,2.590817021773643,167.62601
SZ.002049,2022-08-11 00:00:00,173.6903321,170.2831688,174.3689076,168.3474429,67.056,0.00962,8171501,1396610070.91,-0.9802496071423212,171.9688932
SZ.002049,2022-08-12 00:00:00,170.6545996,166.19743,172.483182,165.2402814,65.449,0.00869,7380349,1239826434.18,-2.399379121725624,170.2831688
SZ.002049,2022-08-15 00:00:00,167.6188671,167.340294,168.768874,164.05456,65.898,0.00894,7596685,1265404855.98,0.6876544360523523,166.19743
SZ.002049,2022-08-16 00:00:00,166.5688608,168.3974432,172.7046119,166.5688608,66.314,0.00686,5829607,989306330.24,0.6317361914040845,167.340294
SZ.002049,2022-08-17 00:00:00,167.6117242,167.768868,168.3403,164.268847,66.067,0.00566,4811240,802843578.15,-0.3732688502006901,168.3974432
SZ.002049,2022-08-18 00:00:00,168.6545876,167.2617221,169.3760205,165.2331385,65.867,0.00674,5729036,958321395.71,-0.30228844364617863,167.768868
SZ.002049,2022-08-19 00:00:00,167.8902973,162.3759785,167.8974402,161.6831172,63.946,0.00715,6078084,994389314.16,-2.9210171572184143,167.2617221
SZ.002049,2022-08-22 00:00:00,161.91169,164.0474171,165.7331415,160.340252,64.603,0.00708,6015952,982390984.03,1.0293632195109375,162.3759785
SZ.002049,2022-08-23 00:00:00,167.62601,172.62604,174.6617665,166.8831484,64.516,0.01247,10590433,1815985607.79,5.229355665362682,164.0474171
SZ.002049,2022-08-24 00:00:00,177.1,161.5,177.5,160.0,60.283,0.01102,9365983,1562401159.86,-6.445168990727002,172.62604
SZ.002049,2022-08-25 00:00:00,162.1,164.49,169.56,162.0,61.399,0.00815,6924102,1146253261.29,1.8513931888544948,161.5
SZ.002049,2022-08-26 00:00:00,164.49,157.55,165.53,157.07,58.809,0.00977,8301054,1327305669.57,-4.219101465134657,164.49
SZ.002049,2022-08-29 00:00:00,154.93,158.1,161.45,154.47,59.014,0.0079,6708154,1065468110.38,0.34909552523007487,157.55
SZ.002049,2022-08-30 00:00:00,157.94,154.5,158.5,151.0,57.67,0.01333,11323751,1741272951.19,-2.2770398481973397,158.1
SZ.002049,2022-08-31 00:00:00,153.4,156.01,158.91,153.02,58.234,0.01033,8778497,1371072663.85,0.9773462783171462,154.5
SZ.002049,2022-09-01 00:00:00,156.6,155.85,162.56,155.16,58.174,0.00815,6924656,1098905236.65,-0.10255752836356427,156.01
SZ.002049,2022-09-02 00:00:00,155.8,154.72,156.8,151.55,57.752,0.00599,5091143,786771801.96,-0.7250561437279406,155.85
SZ.002049,2022-09-05 00:00:00,153.83,154.61,156.5,152.33,57.711,0.00496,4210009,649582479.47,-0.0710961737331859,154.72
SZ.002049,2022-09-06 00:00:00,154.65,159.05,160.5,152.5,59.369,0.00909,7721542,1213514299.01,2.8717418019533003,154.61
SZ.002049,2022-09-07 00:00:00,158.88,163.24,164.47,158.15,60.933,0.00778,6609742,1074475928.12,2.6343917007230417,159.05
SZ.002049,2022-09-08 00:00:00,161.58,163.57,166.48,159.58,61.056,0.00715,6075326,989416524.04,0.2021563342317962,163.24
SZ.002049,2022-09-09 00:00:00,165.0,162.52,166.0,160.5,60.664,0.0041,3482783,565177293.67,-0.6419270037292799,163.57
SZ.002049,2022-09-13 00:00:00,162.88,162.88,166.0,160.28,60.798,0.00525,4463083,730909280.81,0.22151119862169902,162.52
SZ.002049,2022-09-14 00:00:00,160.51,166.73,168.2,159.01,62.235,0.00977,8301449,1368550561.69,2.363703339882118,162.88
SZ.002049,2022-09-15 00:00:00,167.77,162.5,170.0,158.01,60.656,0.01031,8757454,1424520355.99,-2.537035926347982,166.73
SZ.002049,2022-09-16 00:00:00,161.01,159.6,164.68,159.5,59.574,0.00848,7204165,1168021382.87,-1.784615384615388,162.5
SZ.002049,2022-09-19 00:00:00,159.6,155.59,160.95,153.65,58.077,0.00911,7740776,1207981366.26,-2.5125313283207964,159.6
SZ.002049,2022-09-20 00:00:00,156.01,155.97,156.7,151.5,58.219,0.00711,6038502,931867127.7,0.24423163442380322,155.59
SZ.002049,2022-09-21 00:00:00,155.7,153.9,156.16,152.0,57.446,0.00448,3804374,584400499.82,-1.3271783035199034,155.97
SZ.002049,2022-09-22 00:00:00,153.0,150.9,156.5,147.96,56.326,0.01086,9227810,1398499911.53,-1.949317738791423,153.9
SZ.002049,2022-09-23 00:00:00,150.55,149.99,152.8,148.08,55.987,0.00847,7196546,1081285465.1,-0.6030483764082151,150.9
SZ.002049,2022-09-26 00:00:00,148.0,146.52,151.74,146.5,54.692,0.00998,8480541,1259074277.88,-2.313487565837722,149.99
SZ.002049,2022-09-27 00:00:00,146.5,150.85,151.3,145.8,56.308,0.00703,5976524,895024971.4,2.955227955227944,146.52
SZ.002049,2022-09-28 00:00:00,151.2,147.83,151.21,146.25,55.181,0.00589,5003035,741165253.75,-2.001988730527002,150.85
SZ.002049,2022-09-29 00:00:00,148.8,143.86,150.0,140.13,53.699,0.01537,13057304,1882654654.09,-2.6855171480754914,147.83
SZ.002049,2022-09-30 00:00:00,143.8,144.0,147.74,143.0,53.751,0.00666,5658343,822944946.94,0.09731683581258609,143.86
SZ.002049,2022-10-10 00:00:00,141.0,136.4,141.28,130.01,50.914,0.01111,9441623,1284706297.08,-5.277777777777773,144.0
SZ.002049,2022-10-11 00:00:00,135.9,139.78,142.39,135.9,52.176,0.00781,6634519,926528733.92,2.4780058651026358,136.4
SZ.002049,2022-10-12 00:00:00,139.81,145.09,145.8,138.28,54.158,0.00854,7258116,1030690794.03,3.7988267277149825,139.78
SZ.002049,2022-10-13 00:00:00,145.44,147.28,149.03,143.1,54.975,0.00951,8081375,1189511740.7,1.5094079536839187,145.09
SZ.002049,2022-10-14 00:00:00,148.0,148.6,150.0,144.44,55.468,0.00697,5924884,875116784.06,0.896252036936443,147.28
SZ.002049,2022-10-17 00:00:00,147.99,152.0,154.55,146.82,56.737,0.00886,7529501,1143459349.53,2.288021534320327,148.6
SZ.002049,2022-10-18 00:00:00,153.0,153.59,155.82,149.64,57.331,0.0065,5520663,845941256.05,1.0460526315789496,152.0
SZ.002049,2022-10-19 00:00:00,153.1,152.5,155.5,152.1,56.924,0.00396,3363251,515566321.1,-0.709681619897131,153.59
SZ.002049,2022-10-20 00:00:00,151.83,155.0,156.35,149.7,57.857,0.00669,5685289,873763292.4,1.639344262295082,152.5
SZ.002049,2022-10-21 00:00:00,153.99,154.5,155.35,150.8,57.67,0.00529,4497834,690459726.27,-0.3225806451612903,155.0
SZ.002049,2022-10-24 00:00:00,157.0,163.0,166.35,155.36,60.843,0.0132,11217996,1808488226.95,5.501618122977346,154.5
SZ.002049,2022-10-25 00:00:00,162.01,161.1,164.5,160.18,60.134,0.00712,6052330,981467884.0,-1.1656441717791446,163.0
SZ.002049,2022-10-26 00:00:00,162.0,161.61,163.04,157.03,60.324,0.00759,6450745,1039354731.68,0.31657355679703253,161.1
SZ.002049,2022-10-27 00:00:00,161.0,157.68,162.9,157.68,58.857,0.0077,6545382,1044776774.84,-2.431780211620572,161.61
SZ.002049,2022-10-28 00:00:00,160.0,163.29,167.51,159.34,54.685,0.01556,13220084,2176986298.76,3.557838660578377,157.68
SZ.002049,2022-10-31 00:00:00,162.2,164.11,166.99,161.0,54.959,0.00908,7710851,1261837792.28,0.5021740461755292,163.29
SZ.002049,2022-11-01 00:00:00,163.13,161.08,164.5,158.11,53.945,0.01018,8651077,1388181962.0,-1.8463225885077088,164.11
SZ.002049,2022-11-02 00:00:00,161.48,157.2,162.75,156.6,52.645,0.0115,9768221,1551840664.89,-2.4087409982617483,161.08
SZ.002049,2022-11-03 00:00:00,156.0,160.2,162.28,155.92,53.65,0.00731,6206986,992723872.39,1.9083969465648856,157.2
SZ.002049,2022-11-04 00:00:00,160.99,161.6,162.16,158.5,54.119,0.00745,6330322,1020389972.86,0.8739076154806529,160.2
SZ.002049,2022-11-07 00:00:00,160.35,155.45,162.3,153.0,52.059,0.01434,12182243,1902977423.4,-3.805693069306934,161.6
SZ.002049,2022-11-08 00:00:00,156.18,155.93,156.18,152.91,52.22,0.00473,4022642,623594916.29,0.3087809585075704,155.45
SZ.002049,2022-11-09 00:00:00,158.76,153.85,158.8,153.5,51.523,0.00517,4390573,681994490.5,-1.3339318925158805,155.93
SZ.002049,2022-11-10 00:00:00,152.5,150.1,153.79,149.63,50.267,0.00468,3978147,601028558.18,-2.4374390640233994,153.85
SZ.002049,2022-11-11 00:00:00,153.55,148.74,154.0,148.15,49.812,0.01046,8883544,1333065549.98,-0.9060626249167123,150.1
SZ.002049,2022-11-14 00:00:00,148.3,148.76,149.2,144.5,49.819,0.00857,7277696,1073100476.03,0.01344628210298629,148.74
SZ.002049,2022-11-15 00:00:00,147.5,151.49,152.54,146.2,50.733,0.01707,14499935,2177988481.07,1.8351707448238896,148.76
SZ.002049,2022-11-16 00:00:00,151.0,143.21,151.0,141.8,47.96,0.02442,20743987,3002909989.13,-5.46570730741303,151.49
SZ.002049,2022-11-17 00:00:00,143.2,145.46,146.79,141.58,48.713,0.01455,12362644,1786506042.99,1.5711193352419524,143.21
SZ.002049,2022-11-18 00:00:00,145.0,141.44,147.5,141.24,47.367,0.00958,8143298,1170450758.66,-2.7636463632613846,145.46
SZ.002049,2022-11-21 00:00:00,140.59,142.85,143.99,140.05,47.839,0.00893,7589696,1082200668.42,0.9968891402714909,141.44
SZ.002049,2022-11-22 00:00:00,142.85,141.2,144.33,140.59,47.287,0.00574,4880522,692593057.41,-1.1550577528876484,142.85
SZ.002049,2022-11-23 00:00:00,141.0,140.56,142.49,137.31,47.073,0.01044,8873880,1239298274.89,-0.4532577903682623,141.2
SZ.002049,2022-11-24 00:00:00,140.58,140.68,141.62,138.7,47.113,0.00631,5362832,752323701.06,0.08537279453614438,140.56
SZ.002049,2022-11-25 00:00:00,140.5,136.8,141.2,136.38,45.813,0.00908,7717802,1065228632.26,-2.7580324139891923,140.68
SZ.002049,2022-11-28 00:00:00,134.0,134.98,136.99,131.0,45.204,0.01129,9595592,1290113261.29,-1.3304093567251618,136.8
SZ.002049,2022-11-29 00:00:00,135.8,131.7,136.0,131.03,44.105,0.01507,12799382,1692219904.79,-2.429989628093052,134.98
SZ.002049,2022-11-30 00:00:00,131.03,131.49,132.49,130.08,44.035,0.01126,9564865,1253465438.89,-0.1594533029612601,131.7
SZ.002049,2022-12-01 00:00:00,131.55,137.18,137.2,130.45,45.941,0.02203,18715593,2512813596.72,4.327325271883791,131.49
